# PowerStripZB stock partition table (read from the official 2.0.1 package, partition-table.bin at 0x10000).
# Only used so ESPHome builds against the same layout the device really has; the table in flash stays Shelly's.
# Set CONFIG_PARTITION_TABLE_OFFSET: "0x10000" in the ESPHome config (ESP-IDF's default is 0x8000).
# Name,    Type, SubType, Offset,   Size,     Flags
otadata, data, ota, 0x11000, 0x2000,
nvs, data, nvs, 0x14000, 0xc000,
app_0, app, ota_0, 0x20000, 0x300000,
fs_0, data, spiffs, 0x320000, 0xe0000,
app_1, app, ota_1, 0x400000, 0x300000,
fs_1, data, spiffs, 0x700000, 0xe0000,
scratch, data, 0x80, 0x7e0000, 0x8000,
zb_storage, data, 0x81, 0x7e8000, 0x8000,
shelly, data, 0x88, 0x7f0000, 0x10000,
